{
  "Name": "Что приобрести?",
  "Description": "Выбор варианта покупки чего-либо.",
  "Img": "check.svg",

  "Nodes": [
    {
      "Name": "Предмет покупки",
      "Level": 0,
      "Group": "Цель",
      "GroupIndex": "Нет"
    },
    {
      "Name": "Стоимость",
      "Level": 1,
      "Group": "Критерии",
      "GroupIndex": "Цель"
    },
    {
      "Name": "Производитель",
      "Level": 1,
      "Group": "Критерии",
      "GroupIndex": "Цель"
    },
    {
      "Name": "Внешний вид",
      "Level": 1,
      "Group": "Критерии",
      "GroupIndex": "Цель"
    },
    {
      "Name": "Вариант 1",
      "Level": 2,
      "Group": "Альтернативы",
      "GroupIndex": "Критерии"
    },
    {
      "Name": "Вариант 2",
      "Level": 2,
      "Group": "Альтернативы",
      "GroupIndex": "Критерии"
    },
    {
      "Name": "Вариант 3",
      "Level": 2,
      "Group": "Альтернативы",
      "GroupIndex": "Критерии"
    },
    {
      "Name": "Вариант 4",
      "Level": 2,
      "Group": "Альтернативы",
      "GroupIndex": "Критерии"
    }
  ]
}
