{
  "Name": "Оценка рисков",
  "Description": "Ранжирование списка рисков для проекта по их опасности",
  "Img": "bar-chart.svg",
  "Nodes": [
    {
      "Name": "Оценка рисков проекта",
      "Level": 0,
      "Group": "Цель",
      "GroupIndex": "Нет"
    },
    {
      "Name": "Финансовый",
      "Level": 1,
      "Group": "Критерий-Ф",
      "GroupIndex": "Цель"
    },
    {
      "Name": "Маркетинговый",
      "Level": 1,
      "Group": "Критерий-М",
      "GroupIndex": "Цель"
    },
    {
      "Name": "Организационный",
      "Level": 1,
      "Group": "Критерий-О",
      "GroupIndex": "Цель"
    },
    {
      "Name": "Ф1",
      "Level": 2,
      "Group": "Риски",
      "GroupIndex": "Критерий-Ф"
    },
    {
      "Name": "Ф2",
      "Level": 2,
      "Group": "Риски",
      "GroupIndex": "Критерий-Ф"
    },
    {
      "Name": "Ф3",
      "Level": 2,
      "Group": "Риски",
      "GroupIndex": "Критерий-Ф"
    },
    {
      "Name": "М1",
      "Level": 2,
      "Group": "Риски",
      "GroupIndex": "Критерий-М"
    },
    {
      "Name": "М2",
      "Level": 2,
      "Group": "Риски",
      "GroupIndex": "Критерий-М"
    },
    {
      "Name": "М3",
      "Level": 2,
      "Group": "Риски",
      "GroupIndex": "Критерий-М"
    },
    {
      "Name": "О1",
      "Level": 2,
      "Group": "Риски",
      "GroupIndex": "Критерий-О"
    },
    {
      "Name": "О2",
      "Level": 2,
      "Group": "Риски",
      "GroupIndex": "Критерий-О"
    },
    {
      "Name": "О3",
      "Level": 2,
      "Group": "Риски",
      "GroupIndex": "Критерий-О"
    }
  ],

  "Relations": [
    {
      "Main": "Оценка рисков проекта",
      "From": "Финансовый",
      "To": "Маркетинговый",
      "Value": 2
    },
    {
      "Main": "Оценка рисков проекта",
      "From": "Финансовый",
      "To": "Организационный",
      "Value": 2
    },
    {
      "Main": "Оценка рисков проекта",
      "From": "Маркетинговый",
      "To": "Организационный",
      "Value": 2
    },

    {
      "Main": "Финансовый",
      "From": "Ф1",
      "To": "Ф2",
      "Value": 2
    },
    {
      "Main": "Финансовый",
      "From": "Ф1",
      "To": "Ф3",
      "Value": 4
    },
    {
      "Main": "Финансовый",
      "From": "Ф2",
      "To": "Ф3",
      "Value": 2
    },

    {
      "Main": "Маркетинговый",
      "From": "М1",
      "To": "М2",
      "Value": 5
    },
    {
      "Main": "Маркетинговый",
      "From": "М1",
      "To": "М3",
      "Value": 9
    },
    {
      "Main": "Маркетинговый",
      "From": "М2",
      "To": "М3",
      "Value": 2
    },

    {
      "Main": "Организационный",
      "From": "О1",
      "To": "О2",
      "Value": 4
    },
    {
      "Main": "Организационный",
      "From": "О1",
      "To": "О3",
      "Value": 8
    },
    {
      "Main": "Организационный",
      "From": "О2",
      "To": "О3",
      "Value": 2
    }
  ]
}

