{
  "Name": "Место учебы (подкритерии)",
  "Description": "Подбор подходящего учебного заведения для абитуриента",
  "Img": "bookmark.svg",

  "Nodes": [
    {
      "Name": "Выбор места учебы",
      "Level": 0,
      "Group": "Цель",
      "GroupIndex": "Нет"
    },
    {
      "Name": "Репутация",
      "Level": 1,
      "Group": "Критерии",
      "GroupIndex": "Цель"
    },
    {
      "Name": "Местоположение",
      "Level": 1,
      "Group": "Критерий-Место",
      "GroupIndex": "Цель"
    },
    {
      "Name": "Маршрут",
      "Level": 2,
      "Group": "Критерии",
      "GroupIndex": "Критерий-Место"
    },
    {
      "Name": "Расстояние",
      "Level": 2,
      "Group": "Критерии",
      "GroupIndex": "Критерий-Место"
    },
    {
      "Name": "Вариант А",
      "Level": 3,
      "Group": "Альтернативы",
      "GroupIndex": "Критерии"
    },
    {
      "Name": "Вариант Б",
      "Level": 3,
      "Group": "Альтернативы",
      "GroupIndex": "Критерии"
    }
  ],

  "Relations": [
    {
      "Main": "Выбор места учебы",
      "From": "Репутация",
      "To": "Местоположение",
      "Value": 5
    },
    {
      "Main": "Репутация",
      "From": "Вариант А",
      "To": "Вариант B",
      "Value": 2
    },
    {
      "Main": "Репутация",
      "From": "Вариант А",
      "To": "Вариант C",
      "Value": 3
    },
    {
      "Main": "Репутация",
      "From": "Вариант B",
      "To": "Вариант C",
      "Value": 1.5
    },
    {
      "Main": "Местоположение",
      "From": "Вариант А",
      "To": "Вариант B",
      "Value": 0.5
    },
    {
      "Main": "Местоположение",
      "From": "Вариант А",
      "To": "Вариант C",
      "Value": 0.2
    },
    {
      "Main": "Местоположение",
      "From": "Вариант B",
      "To": "Вариант C",
      "Value": 0.5
    },
    {
      "Main": "Вариант А",
      "From": "Факультет А",
      "To": "Факультет Б",
      "Value": 2
    },
    {
      "Main": "Вариант B",
      "From": "Факультет А",
      "To": "Факультет Б",
      "Value": 4
    },
    {
      "Main": "Вариант C",
      "From": "Факультет А",
      "To": "Факультет Б",
      "Value": 6
    }
  ]
}