{
  "Name": "Выбор инструментария для проекта",
  "Description": "Подбор инструментария для разработки проекта",
  "Img": "settings.svg",

  "Nodes": [
    {
      "Name": "Выбор инструментария",
      "Level": 0,
      "Group": "Цель",
      "GroupIndex": "Нет"
    },
    {
      "Name": "Приспособленность для проекта",
      "Level": 1,
      "Group": "Критерии",
      "GroupIndex": "Цель"
    },
    {
      "Name": "Знание командой",
      "Level": 1,
      "Group": "Критерии",
      "GroupIndex": "Цель"
    },
    {
      "Name": "Наличие документации",
      "Level": 1,
      "Group": "Критерии",
      "GroupIndex": "Цель"
    },
    {
      "Name": "Надежность технологии",
      "Level": 1,
      "Group": "Критерии",
      "GroupIndex": "Цель"
    },
    {
      "Name": "Технология А",
      "Level": 2,
      "Group": "Альтернативы",
      "GroupIndex": "Критерии"
    },
    {
      "Name": "Технология Б",
      "Level": 2,
      "Group": "Альтернативы",
      "GroupIndex": "Критерии"
    },
    {
      "Name": "Технология B",
      "Level": 2,
      "Group": "Альтернативы",
      "GroupIndex": "Критерии"
    }
  ]
}
