{
  "Name": "Подбор кандидата в команду",
  "Description": "Подбор кандидата в команду разработки нового проекта",
  "Img": "user.svg",

  "Nodes": [
    {
      "Name": "Подбор кандидата",
      "Level": 0,
      "Group": "Цель",
      "GroupIndex": "Нет"
    },
    {
      "Name": "Опыт",
      "Level": 1,
      "Group": "Критерии",
      "GroupIndex": "Цель"
    },
    {
      "Name": "Знание технологий",
      "Level": 1,
      "Group": "Критерии",
      "GroupIndex": "Цель"
    },
    {
      "Name": "Конфликтность",
      "Level": 1,
      "Group": "Критерии",
      "GroupIndex": "Цель"
    },
    {
      "Name": "Кандидат 1",
      "Level": 2,
      "Group": "Альтернативы",
      "GroupIndex": "Критерии"
    },
    {
      "Name": "Кандидат 2",
      "Level": 2,
      "Group": "Альтернативы",
      "GroupIndex": "Критерии"
    },
    {
      "Name": "Кандидат 3",
      "Level": 2,
      "Group": "Альтернативы",
      "GroupIndex": "Критерии"
    }
  ]
}
