{
  "Name": "Выбор работы",
  "Description": "Подбор подходящего места работы",
  "Img": "list.svg",

  "Nodes": [
    {
      "Name": "Место работы",
      "Level": 0,
      "Group": "Цель",
      "GroupIndex": "Нет"
    },
    {
      "Name": "Расположение",
      "Level": 1,
      "Group": "Критерии",
      "GroupIndex": "Цель"
    },
    {
      "Name": "Перспективы",
      "Level": 1,
      "Group": "Критерии",
      "GroupIndex": "Цель"
    },
    {
      "Name": "Зарплата",
      "Level": 1,
      "Group": "Критерии",
      "GroupIndex": "Цель"
    },
    {
      "Name": "Место 1",
      "Level": 2,
      "Group": "Альтернативы",
      "GroupIndex": "Критерии"
    },
    {
      "Name": "Место 2",
      "Level": 2,
      "Group": "Альтернативы",
      "GroupIndex": "Критерии"
    },
    {
      "Name": "Место 3",
      "Level": 2,
      "Group": "Альтернативы",
      "GroupIndex": "Критерии"
    }
  ]
}